 מבוא למדעי המחשב,67101,2022-02-05,2022-02-28
מתמטיקה דיסקרטית,80181,2022-01-21,2022-02-19
אלגברה ליניארית (1),80134,2022-01-16,2022-02-23
חשבון אינפיניטסימלי (1),80131,2022-02-09,2022-03-03
אלגוריתמים,67504,2022-02-11,2022-03-04
מבוא להסתברות וסטטיסטיקה,80430,2022-01-27,2022-02-17
סדנה במערכות חישוב מ-NAND ל-TETRIS,67925,2022-02-01,2022-02-27
מבוא ללוגיקה מתמטית לבעלי אוריינטציה תכנותית,67501,2022-01-22,2022-02-21
מבוא לתכנות מונחה עצמים,67125,2022-01-19,2022-03-02
,67528,2022-02-10,2022-03-03
מבוא לרשתות תקשורת,67594,2022-02-03,2022-02-28
גרפיקה ממוחשבת,67609,2022-01-25,2022-02-22
דיני סייבר,67398,2022-01-30,2022-02-24
קומבינטוריקה,80520,2022-01-30,2022-02-24
מבוא ללמידה עמוקה ,67822,2022-01-16,2022-03-02
למידה חישובית בייזיאנית,67564,2022-01-31,2022-02-28
עבוד תמונות רפואיות רובוטיקה רפואית וניתוחים מונחי מחשב,67705,2022-02-04,2022-02-28
תיאוריה סט' למדעי המחשב ,52309,2022-01-21,2022-02-23
מבני נתונים,67109,2022-01-28,2022-02-20
חשבון אינפיניטסימלי (2),80132,2022-01-17,2022-03-04
אלגברה ליניארית (2),80135,2022-01-30,2022-02-23
סדנת תכנות בשפות C ו- ++C,67312,2022-02-07,2022-02-28
"מודלים חישוביים, חישוביות וסיבוכיות ",67521,2022-01-26,2022-02-17
עיבוד שפה טבעית ,67658,2022-02-06,2022-03-02
,67548,2022-01-17,2022-03-04
מבוא לביולוגיה לתלמידי מדעים,72160,2022-02-02,2022-02-25
ביוכימיה של התא,72120,2022-02-04,2022-02-26
ביוסטטיסטיקה מתקדמת בדגש חישובי,72942,2022-01-16,2022-02-14
מבוא לאקולוגיה,72107,2022-01-20,2022-03-01
מבוא למדעי הצמח,72334,2022-02-02,2022-02-27
מבוא לפיסיולוגיה,72336,2022-01-28,2022-02-18
מבוא למיקרוביולוגיה - שיעור,72362,2022-01-30,2022-02-22
מבוא לפיסיולוגיה  (מצומצם),72363,2022-01-18,2022-02-19
אימונולוגיה,72665,2022-01-22,2022-02-16
פתרון בעיות באלגוריתמים,67573,2022-01-31,2022-02-23
תורת ההסתברות (1),80420,2022-02-09,2022-03-02
מבנים אלגבריים (1),80445,2022-02-06,2022-03-01
תורשת האדם,72350,2022-02-08,2022-03-04
התנהגות בעלי-חיים,72585,2022-02-05,2022-03-01
מנגנונים עצביים בהתנהגות של בעלי חיים,72625,2022-01-17,2022-03-03
מתמטיקה שימושית (1),80114,2022-01-24,2022-02-14
מבוא לסטטיסטיקה ,52003,2022-01-16,2022-02-14
אלגברה ליניארית לתלמידי הנדסה ומדעים 1,80153,2022-02-02,2022-02-26
מכניקה ויחסות פרטית לתלמידי הנדסה,83312,2022-02-10,2022-03-04
מבוא להנדסת חשמל,83335,2022-02-05,2022-02-27
גלים ויסודות פיסיקה א,83325,2022-02-10,2022-03-03
חשבון אינפיניטסימלי 3,80415,2022-01-22,2022-02-18
מכניקה ויחסות פרטית,77101,2022-01-18,2022-02-19
תכנות פייתון ומטלאב,76641,2022-02-10,2022-03-04
מכניקה אנליטית,77303,2022-02-11,2022-03-04
גלים ואופטיקה,77305,2022-02-01,2022-02-25
משוואות של פיסיקה מתמטית,77313,2022-01-20,2022-02-13
מבוא לפיסיקה סטטיסטית,77307,2022-01-16,2022-02-21
תורת הקוונטים (2),77605,2022-01-19,2022-02-13
מבוא לביולוגיה של האורגניזם,72128,2022-01-22,2022-02-13
מבוא לביולוגיה של התא לתלמידי ביולוגיה,72153,2022-02-02,2022-02-26
"מתמטיקה לתלמידי כימיה וכדה""א (1)",80109,2022-01-30,2022-02-24
"פיסיקה כללית - מכניקה לתלמידי כימיה וכדה""א",77130,2022-02-08,2022-03-04
כימיה אורגנית ב',69306,2022-02-04,2022-03-01
כימיה פיסיקלית ב' - תרמודינמיקה א,69301,2022-01-16,2022-02-23
כימיה אי אורגנית,69303,2022-01-23,2022-02-16
ביוכימיה של התא לתלמידי מדעי החיים,72121,2022-02-10,2022-03-04
אלגברה לכימאים,80325,2022-01-22,2022-03-01
תכנות מתמטי במאטלב לכימיה,76629,2022-02-02,2022-02-24
מבוא לספקטרוסקופיה,69922,2022-02-09,2022-03-04
"תגובות, מנגנונים ומבנה בכימיה אורגנית",69671,2022-01-29,2022-02-28
כימיה פיסיקלית של ננו-חומרים,69674,2022-01-30,2022-02-25
כימיה פיסיקלית ג,69601,2022-01-20,2022-02-27
ביולוגיה של התא מורחב,72373,2022-01-16,2022-02-24
מכניקה וזורמים למדעים,77133,2022-02-10,2022-03-03
מתמטיקה למדעים 1,80125,2022-01-16,2022-02-22
תכנות בסיסי בפייתון ,76631,2022-01-24,2022-02-25
צומח וצמחיית ישראל,72605,2022-02-06,2022-03-02
מבוא לכימיה,69107,2022-01-29,2022-03-01
מבוא להסתברות וסטטיסטיקה לתלמידי כימיה,69904,2022-02-06,2022-02-28
אסטרופיסיקה וקוסמולוגיה,77501,2022-02-02,2022-02-24
מבוא לאלקטרוניקה א - אנלוגי,77320,2022-02-06,2022-03-03
פיסיקה תרמית וסטטיסטית,83911,2022-01-16,2022-02-20
מבוא למצב מוצק לתלמידי הנדסה,83320,2022-02-10,2022-03-03
פיסיקה של התקני מוליכים למחצה,83882,2022-02-01,2022-02-24
פיסיקה של גלים מונחים,83510,2022-01-16,2022-02-13
נושאים נבחרים בלייזרים,83860,2022-02-01,2022-02-28
תכן VLSI,83413,2022-02-02,2022-03-02
תכן לוגי מתקדם,83511,2022-01-26,2022-03-03
הסתברות ושימושיה,80312,2022-01-19,2022-02-21
מבוא ללוגיקה,80423,2022-01-27,2022-02-19
פונקציות מרוכבות,80519,2022-02-04,2022-02-27
,80301,2022-01-21,2022-02-16
תורת הקטגוריות ,80779,2022-01-28,2022-03-03
קורס השלמה בחשבון אינפינטסימלי מתקדם 1 ,80414,2022-01-17,2022-02-28
תולדות המתמטיקה,80402,2022-01-27,2022-02-24
תורת המידה,80517,2022-02-02,2022-03-01
מבוא לפיזיקה לא לינארית,77607,2022-01-18,2022-03-04
יחסות וגרביטציה,77909,2022-02-04,2022-02-27
מאלגברה לינארית לאייפון (א'): הנדסת חשמל ומערכות מעקרונות ראשוניים,83536,2022-01-27,2022-02-24
נושאים באוקיינוגרפיה פיסיקלית,84810,2022-02-07,2022-03-01
מושגי יסוד באלגברה קומוטטיבית וגיאומטריה אלגברית,80599,2022-02-08,2022-03-03
