סדנת תכנות בשפות C ו- ++C,67315,2022-07-03,2022-08-05
אלגברה ליניארית (2),80135,2022-07-27,2022-08-17
חשבון אינפיניטסימלי (2),80132,2022-07-12,2022-08-11
מבני נתונים,67109,2022-06-28,2022-07-30
מערכות הפעלה,67808,2022-07-27,2022-08-18
"מודלים חישוביים, חישוביות וסיבוכיות ",67521,2022-07-05,2022-07-28
מבנה המחשב,67200,2022-07-19,2022-08-16
מבוא להצפנה ואבטחת מידע ,67392,2022-07-02,2022-08-05
מבוא למערכות לומדות ,67577,2022-07-23,2022-08-19
מסדי נתונים,67506,2022-07-09,2022-08-15
מבנים אלגבריים (1),80445,2022-06-28,2022-08-05
משוואות דיפרנציאליות ,80320,2022-07-06,2022-08-06
"רסתברות לסט' למדמ""ח ",52006,2022-06-30,2022-08-04
תורת המשחקים (1),80428,2022-07-05,2022-08-11
מבנים אלגבריים (2),80446,2022-07-17,2022-08-17
שיטות הסתברותיות בבינה מלאכותית,67800,2022-06-27,2022-08-19
רשתות נוירונים לתמונות,67103,2022-07-02,2022-08-16
צילום חישובי,67735,2022-07-07,2022-08-13
אימות פורמלי של מערכות ראקטיביות,67883,2022-07-20,2022-08-14
מבוא למדעי המחשב ,67101,2022-07-27,2022-08-19
חשבון אינפיניטסימלי (1),80131,2022-07-17,2022-08-09
אלגברה ליניארית (1),80134,2022-07-08,2022-08-16
מתמטיקה דיסקרטית,80181,2022-06-29,2022-07-28
אלגוריתמים,67504,2022-07-23,2022-08-13
מבוא להסתברות וסטטיסטיקה,80430,2022-07-16,2022-08-09
חשבון דיפרנציאלי ואינטגרלי במדעי המחשב,67559,2022-07-27,2022-08-18
כימיה אורגנית לתלמידי ביולוגיה,69166,2022-07-24,2022-08-14
מבוא לגנטיקה,72155,2022-06-26,2022-07-28
ביולוגיה מולקולרית,72332,2022-06-26,2022-08-11
מבוא לפיסיקה לתלמידי ביולוגיה חישובית,72154,2022-07-04,2022-08-01
ביוכימיה מורחב,72339,2022-07-01,2022-07-29
פיזיולוגיה של מערכת העצבים,72343,2022-07-20,2022-08-12
גנטיקה מורחב ,72345,2022-07-16,2022-08-07
נוירוביולוגיה ומדעי המח,72369,2022-06-28,2022-08-09
אקולוגיה מורחב,72604,2022-06-26,2022-08-03
כימיה פיסיקלית לתלמידי ביולוגיה,69123,2022-07-15,2022-08-08
מבוא לאבולוציה ,72368,2022-07-05,2022-08-02
"רגרסיה ומודלים ליניאריים למדמ""ח",52307,2022-07-14,2022-08-13
ביולוגיה התפתחותית: מתא בודד לעובר ולאורגניזם,72320,2022-07-11,2022-08-06
ביולוגיה של הסרטן,72941,2022-07-18,2022-08-19
פונקציות מרוכבות ושימושיהן,80314,2022-07-04,2022-07-28
שיטות סטטיסטיות בהנדסה ומדעי המחשב,67653,2022-06-26,2022-08-08
מבוא לעיבוד אותות,67651,2022-07-12,2022-08-03
אנליזה אלמנטרית רב-מימדית,80116,2022-06-29,2022-08-04
תורת הקבוצות,80200,2022-07-20,2022-08-13
תורת המספרים האלמנטרית,80115,2022-07-24,2022-08-14
חשמל ומגנטיות,77102,2022-07-02,2022-08-03
מתמטיקה שימושית (2),80157,2022-07-13,2022-08-11
אלגברה ליניארית לתלמידי הנדסה ומדעים 2,80154,2022-06-26,2022-08-07
חשבון אינפיניטסימלי לפיסיקאים,80155,2022-07-07,2022-07-29
תכנות פייתון ומטלאב,76641,2022-07-21,2022-08-19
פיסיקה תרמית,77152,2022-06-30,2022-08-05
תורת הקוונטים (1),77318,2022-07-19,2022-08-19
חשמל אנליטי,77401,2022-07-25,2022-08-15
כימיה אורגנית א',69128,2022-07-08,2022-08-01
כימיה פיסיקלית א',69163,2022-07-26,2022-08-17
"מבוא מתמטי לתלמידי כימיה וכדה""א (2)",80112,2022-07-14,2022-08-06
"פיסיקה כללית - גלים וחשמל לתלמידי כימיה וכדה""א",77131,2022-07-21,2022-08-12
כימיה אנליטית א',69106,2022-07-10,2022-08-01
מבוא להסתברות וסטטיסטיקה,72301,2022-07-20,2022-08-19
מבוא לקשר כימי,69311,2022-06-26,2022-08-08
תכנות מתמטי במאטלב לכימיה,76629,2022-07-12,2022-08-06
תכנות מתקדם בפייתון ,76632,2022-07-24,2022-08-18
מבוא לכימיה של חומרים,69522,2022-07-22,2022-08-17
כימיה אורגנית ג,69667,2022-07-17,2022-08-18
קטליזה,69800,2022-07-19,2022-08-16
ספקטרומטרית מסות בכימיה וביוכימיה אנליטית,69521,2022-07-06,2022-08-19
אלקטרוכימיה,69503,2022-07-24,2022-08-14
מבנה ופיזור קרני איקס,69829,2022-07-03,2022-08-06
כימיה ביולוגית של חומרים,69617,2022-07-12,2022-08-14
פענוח מבנה מולקולרי בעזרת ספקטרה,69639,2022-07-03,2022-08-11
מיקרוביולוגיה מורחב,72342,2022-07-14,2022-08-14
"חשמל, מגנטיות וגלים למדעים",77134,2022-07-04,2022-08-03
מתמטיקה למדעים 2,80127,2022-07-10,2022-08-01
ביולוגיה מולקולרית של תאים אנימליים,72651,2022-07-25,2022-08-17
אקולוגיה מיקרוביאלית,72501,2022-07-14,2022-08-06
"אבולוציה, ססטמטיקה ואקולוגיה של עכבישים",90889,2022-07-19,2022-08-15
אבולוציה של עולם החי,90106,2022-07-14,2022-08-07
אבולוציה והתפתחות (evo-devo),90708,2022-07-13,2022-08-09
גנטיקה של אוכוליסיות,72659,2022-07-13,2022-08-10
תהליכי ראייה וקוגניציה במוח ,78868,2022-07-22,2022-08-14
מכניקה ויחסות פרטית,77101,2022-07-08,2022-08-05
חשבון אינפיניטסימלי לתלמידי הנדסה ומדעים,80177,2022-07-02,2022-07-28
חשמל ומגנטיות לתלמידי הנדסה,83313,2022-07-19,2022-08-15
מבוא לקוונטים למהנדסים,83326,2022-07-27,2022-08-19
מבוא לאלקטרוניקה אנלוגית וספרתית,83328,2022-06-26,2022-08-08
מבוא לאופטואלקטרוניקה,83879,2022-07-25,2022-08-17
תקשורת אופטית,83839,2022-07-20,2022-08-14
אופטיקה פיסיקלית,77693,2022-07-01,2022-07-29
אופטיקה קוונטית,83836,2022-07-09,2022-08-13
גלים אלקטרו מגנטיים ואנטנטות,83888,2022-07-21,2022-08-15
אפיון חומרים,83517,2022-06-29,2022-08-09
חשבון אינפיניטסימלי 2 (מורחב),80142,2022-06-26,2022-07-30
מבוא לטופולוגיה,80516,2022-07-20,2022-08-13
תורת הרצף,77606,2022-07-14,2022-08-12
אנליזה על יריעות,80426,2022-07-20,2022-08-10
אנזליה פונקציונלית,80427,2022-07-03,2022-08-09
מבוא לתהליכים מקריים,80737,2022-06-26,2022-08-16
תורת הקוונטים (3),77542,2022-07-19,2022-08-18
פיסיקה של המצב המוצק,77602,2022-07-02,2022-08-13
פיסיקה גרעינית,77603,2022-07-22,2022-08-12
מבוא לחלקיקים אלמנטריים,77609,2022-07-21,2022-08-16
דינמיקה לא לינארית של רצף,77728,2022-06-29,2022-08-14
אוקיינוגרפיה פיסיקלית,84831,2022-07-10,2022-08-12
מושגי יסוד בתורת ההצגות,80598,2022-06-28,2022-08-19
