01/16/2022,02/11/2022,02/15/2022,03/03/2022
מכניקה ויחסות פרטית לתלמידי הנדסה,83312,1/16/2022,02/14/2022
מבוא למצב מוצק לתלמידי הנדסה,83320,1/27/2022,16/2/22
גלים ויסודות פיסיקה א,83325,1/31/2022,2/27/2022
מבוא להנדסת חשמל,83335,1/25/2022,2/20/2022
תכן VLSI,83413,1/18/2022,2/18/2022
פיסיקה של גלים מונחים,83510,4.2.22,2/22/2022
תכן לוגי מתקדם,83511,1/27/2022,16.2.22
מאלגברה לינארית לאייפון (א'): הנדסת חשמל ומערכות מעקרונות ראשוניים,83536,19/01/2022,28.2.22
התקנים של מוליכים למחצה,83812,3.2.22,2/22/2022
נושאים נבחרים בלייזרים,83860,10/2/2022,3/2/2022
פיסיקה של התקני מוליכים למחצה,83882,2/10/2022,3/3/2022
פיסיקה תרמית וסטטיסטית,83911,1/17/2022,2/15/2022
 מבוא למדעי המחשב,67101,1/18/2022,2/16/2022
מבני נתונים,67109,1/21/2022,2/24/2022
מבוא לתכנות מונחה עצמים,67125,1/16/2022,2/14/2022
סדנת תכנות בשפות C ו- ++C,67312,1/16/2022,3/4/2022
מבוא ללוגיקה מתמטית לבעלי אוריינטציה תכנותית,67501,2/6/2022,3/6/2022
אלגוריתמים,67504,1/23/2022,25/02/2022
"מודלים חישוביים, חישוביות וסיבוכיות ",67521,1/24/2022,2/14/2022
,67528,1/20/2022,2/22/2022
דיני סייבר,67398,1/2/2022,24/2/2022
,67548,2/6/2022,3/1/2022
מבוא לאינפורמציה והסקה ,67584,,
למידה חישובית בייזיאנית,67564,25/1/22,15/2/22
פתרון בעיות באלגוריתמים,67573,1/30/2022,2/24/2022
מבוא לרשתות תקשורת,67594,1/30/2022,3/3/2022
גרפיקה ממוחשבת,67609,1/27/2022,2/16/2022
סדנת מבוא לרובוטיקה,67654,7.2.22,3.3.22
עיבוד שפה טבעית ,67658,1/17/2022,2/27/2022
עבוד תמונות רפואיות רובוטיקה רפואית וניתוחים מונחי מחשב,67705,1/16/2022,2/17/2022
מבוא ללמידה עמוקה ,67822,1/24/2022,2/15/2022
כלים מתמטיים במדעי המחשב,67865,1/26/2022,2/17/2022
נושאים בקריטוגרפיה ,67892,2/3/2022,3/4/2022
סדנה במערכות חישוב מ-NAND ל-TETRIS,67925,2/1/2022,2/20/2022
תכנות מתמטי במאטלב לכימיה,76629,2/11/2022,3/3/2022
תכנות בסיסי בפייתון ,76631,1/16/2022,2/18/2022
פייתון למדעי כדור הארץ,76634,1/16/2022,2/18/2022
פייתון למדעים ביו-רפואיים,76638,2/7/2022,2/24/2022
תכנות פייתון ומטלאב,76641,1/17/2022,2/13/2022
מבני נתונים ומבוא לאלגוריתמים,76689,1/26/2022,
נקודת ראות מתקדמת על מושגים מתמטיים מהתיכון,80091,1/20/2022,2/22/2022
נקודת ראות מתקדמת על מושגים מתמטיים מהתיכון,80100,,
"מתמטיקה לתלמידי כימיה וכדה""א (1)",80109,1/30/2022,2/23/2022
מתמטיקה שימושית (1),80114,1.2.22,24.2.22
אנליזה אלמנטרית רב-מימדית,80116,1/17/2022,2/13/2022
מתמטיקה למדעים 1,80125,1/30/2022,3/3/2022
חשבון אינפיניטסימלי (1),80131,1/26/2022,2/21/2022
חשבון אינפיניטסימלי (2),80132,1/27/2022,2/28/2022
אלגברה ליניארית (1),80134,2/2/2022,2/25/2022
אלגברה ליניארית (2),80135,2/6/2022,02/03/2022
אלגברה ליניארית לתלמידי הנדסה ומדעים 1,80153,1/21/2022,20/2/2022
מתמטיקה דיסקרטית,80181,08/02/2022,3/3/2022
מתמטיקה בחברה,80309,1/17/2022,2/16/2022
הסתברות ושימושיה,80312,19/1/22,14/2/22
אלגברה לכימאים,80325,1/21/2022,27\02\2022
תולדות המתמטיקה,80402,1/28/2022,2/25/2022
קורס השלמה בחשבון אינפינטסימלי מתקדם 1 ,80414,1/27/2022,2/18/2022
חשבון אינפיניטסימלי 3,80415,1/27/2022,2/18/2022
תורת ההסתברות (1),80420,2/7/2022,3/3/2022
מבוא ללוגיקה,80423,20/1/22,16.2.22
מבוא להסתברות וסטטיסטיקה,80430,08/02/2022,04/03/2022
קומבינטוריקה,80520,26/01/2022,28/02/2022
מבנים אלגבריים (1),80445,2/2/2022,2/23/2022
,80301,4/2/2022,2/3/2022
תורת המידה,80517,11/2/2022,6/3/2022
פונקציות מרוכבות,80519,2/2/2022,2/22/2022
מושגי יסוד באלגברה קומוטטיבית וגיאומטריה אלגברית,80599,2/4/2022,3/4/2022
מושגי יסוד באנליזה פונקציונלית,80600,1/24/2022,2/23/2022
תורת הקטגוריות ,80779,1/17/2022,2/18/2022
מבוא למדעי הטבע,77098,,
מכניקה ויחסות פרטית,77101,8.2.22,04.03.22
"פיסיקה כללית - מכניקה לתלמידי כימיה וכדה""א",77130,2/10/2022,3/3/2022
מכניקה וזורמים למדעים,77133,1/25/2022,2/20/2022
"מכניקה וזורמים לתלמידי רפואה ורפו""ש",77141,1/27/2022,2/27/2022
"חשמל וגלים לתלמידי רפואה ורפו""ש",77142,2/6/2022, 28/2/22
מכניקה אנליטית,77303,10.2.22,2.3.22
גלים ואופטיקה,77305,1/30/2022,2/25/2022
מבוא לפיסיקה סטטיסטית,77307,1/28/2022,2/21/2022
משוואות של פיסיקה מתמטית,77313,4.2.22,8.3.22
מבוא לאלקטרוניקה א - אנלוגי,77320,2/6/2022,2/27/2022
אסטרופיסיקה וקוסמולוגיה,77501,1/23/2022,2/17/2022
חישוב קוונטי לפיסיקאים,77523,26/01/2022,04/03/2022
תורת הקוונטים (2),77605,2/9/2022,3/1/2022
מבוא לפיזיקה לא לינארית,77607,1/20/2022,2/14/2022
,77324,17/01/2022,15/02/2022
,77611,2/1/2022,2/25/2022
תורת הקוונטים מתקדם א,77800,1/24/2022,2/24/2022
יחסות וגרביטציה,77909,1/16/2022,2/13/2022
מצב מעובה א - אלקטרונים ופונונים בסריג מחזורי,77960,3.2.22,3.3.22
מבוא לתורת החבורות בפיסיקה,77990,1/30/2022,2/23/2022
מעברי פזה ותופעות קריטיות,77991,2/2/2022,2.3.22
דינמיקה של אטמוספרה,82301,1/21/2022,2/18/2022
תרומדינמיקה של האטמוספירה והאוקיאנוסים,82314,1/23/2022,2/16/2022
עקרונות חישה מרחוק של אטמוסיפירה,82850,2/6/2022,3/1/2022
"קלימטולוגיה סינופטית של מזה""ת וישראל",82892,1/20/2022,2/15/2022
מבוא לכימיה,69107,1/25/2022,2/20/2022
כימיה אורגנית לתלמידי מדעים ביורפואיים,69118,2/2/2022,2/27/2022
"כימיה אורגנית לתלמידי רפואה, רפואת - צמרת, רפואת שיניים",69120,2/14/2022,3/3/2022
כימיה כללית למדעים ביורפואיים ולכדור הארץ,69132,1/25/2022,2/16/2022
"כימיה כללית לתלמידי רפואה, רפואה - צמרת, רפואת שיניים",69134,,2/16/2022
מבוא לכימיה לתלמידי רוקחות ,69135,1/25/2022,2/17/2022
כימיה פיסיקלית ב' - תרמודינמיקה א,69301,1/25/2022,2/21/2022
כימיה אי אורגנית,69303,1/19/2022,2/15/2022
כימיה אורגנית ב',69306,10.2.22,1.3.22
כימיה פיסיקלית ג,69601,1/27/2022,2/17/2022
עקרונות של כימיה ירוקה,69625,2/10/2022,2/27/2022
"תגובות, מנגנונים ומבנה בכימיה אורגנית",69671,6.2.22,2/23/2022
כימיה פיסיקלית של ננו-חומרים,69674,3.2.22,3/3/2022
קטליזה הומוגנית באמצעות קומפלכסים של מתכות המעבר,69897,1/23/2022,2/13/2022
מבוא להסתברות וסטטיסטיקה לתלמידי כימיה,69904,1/19/2022,2/15/2022
מבוא לספקטרוסקופיה,69922,1/24/2022,2/17/2022
מבוא לאקולוגיה,72107,1/25/2022,2/20/2022
ביוכימיה של התא,72120,1/30/2022,2/24/2022
ביוכימיה של התא לתלמידי מדעי החיים,72121,30.1.22,2/24/2022
מבוא לביולוגיה של האורגניזם (מצומצם),72126,18.1.22,15.2.22
מבוא לביולוגיה של האורגניזם,72128,1/18/2022,2/15/2022
מבוא לביולוגיה של התא לתלמידי ביולוגיה,72153,3.2.22,2/27/2022
מבוא לביולוגיה לתלמידי מדעים,72160,20.1.22,2/13/2022
מבוא למדעי הצמח,72334,2/10/2022,2/28/2022
מבוא לפיסיולוגיה,72336,4.2.22,4.3.22
תורשת האדם,72350,1/24/2022,2/14/2022
מבוא למיקרוביולוגיה - שיעור,72362,1/20/2022,2/13/2022
מבוא לפיסיולוגיה  (מצומצם),72363,4.2.22,4.3.22
ביולוגיה של התא מורחב,72373,1/21/2022,2/18/2022
אסטרוביולוגיה של כדור הארץ,72582,6/29/2022,8/4/2022
התנהגות בעלי-חיים,72585,1/18/2022,2/23/2022
צומח וצמחיית ישראל,72605,2/9/2022,2/28/2022
מנגנונים עצביים בהתנהגות של בעלי חיים,72625,1/18/2022,2/17/2022
אימונולוגיה,72665,1/31/2022,3/4/2022
ביוסטטיסטיקה מתקדמת בדגש חישובי,72942,2/8/2022,2/27/2022
סמינריון סגל ומוסמך באקולוגיה אבולוציה והתנהגות,90604,,
מבוא לפלאונטולוגיה,70102,2/10/2022,2/25/2022
מחנה לימוד קיץ,70110,10/24/2022,11/21/2022
צפונות ים המלח: מטקטוניקת הפלטות לשינויי אקלים,70120,2/1/2022,2/23/2022
גאולוגיה סטרוקטורלית,70302,1/27/2022,2/20/2022
מינרלוגיה אופטית,70307,3.2.22,1.3.22
מבוא למודלים במדעי כדור הארץ,70356,2/7/2022,2/28/2022
מינרלים סלעים,70417,1/18/2022,3/3/2022
מבוא ל-G.I.S,70511,1/26/2022,2/21/2022
עיצוב הנוף,70425,1/20/2022,2/17/2022
משאבי המים בישראל,70515,2/3/2022,2/23/2022
התפתחות התשתית הפריקמברית של ישראל - מצומצם - סיור,70619,1/17/2022,2/22/2022
המים בישראל,70657,1/31/2022,2/28/2022
פטרולוגיה מאגמתית ומטמורפית ,70702,1/20/2022,2/15/2022
תהליכים במחזור ההידרולוגי,70849,2/10/2022,2/28/2022
חימום גלובלי: ממדע למדיניות,70930,2/8/2022,3/2/2022
"מבוא למודלים במדע כדה""א עם מדע""ח ",70939,2/7/2022,2/28/2022
כימיה אורגנית סביבתית,89787,2/7/2022,3/3/2022
נושאים באוקיינוגרפיה פיסיקלית,84810,2/3/2022,3/3/2022
מבוא לתורת האקלים ,68105,2/10/2022,2/27/2022
כדור הארץ הדינמי,68127,2/23/2022,1/21/2022
קורי עכביש: ממדע בסיסי לביוטכנולוגיה,94902,1/20/2022,2/17/2022
מבוא לסטטיסטיקה ,52003,2/9/2022,3/3/2022
תיאוריה סט' למדעי המחשב ,52309,1/18/2022,2/10/2022
